"","dyad","Creativity Mean.di","Humility Mean.di","Humility Delta.di","Humility Sum.di","Humility Product.di","Humility SumSquares.di"
"1","210_1",-0.608,0.253,1.448,0.506,-0.46,1.176
"2","210_2",1.555,1.149,0.965,2.298,1.087,3.106
"3","210_3",-0.946,-1.402,0.483,-2.804,1.907,4.047
"4","210_4",-0.946,-1.402,0.069,-2.804,1.964,3.933
"5","210_5",1.555,1.149,1.379,2.298,0.845,3.591
"6","210_6",-0.608,0.253,0.896,0.506,-0.137,0.529
"7","230_1",1.354,1.343,0.055,2.685,1.802,3.607
"8","230_2",-0.678,-0.207,1.694,-0.414,-0.674,1.52
"9","230_3",-2.927,-3.089,1.025,-6.178,9.28,19.61
"10","230_4",2.251,1.953,2.663,3.907,2.042,11.178
"11","230_5",-0.268,-0.161,1.56,-0.322,-0.583,1.269
"12","230_6",1.797,3.437,1.402,6.875,11.324,24.614
"13","230_7",-2.882,-4.619,2.907,-9.238,19.223,46.898
"14","230_8",0.723,-1.323,1.457,-2.646,1.22,4.563
"15","230_9",0.223,1.691,1.324,3.382,2.421,6.594
"16","230_10",0.408,0.975,1.08,1.95,0.659,2.484
"17","260_1",-1.442,-0.873,1.792,-1.747,-0.041,3.132
"18","260_2",-0.023,0.299,1.172,0.597,-0.254,0.865
"19","260_3",1.465,0.575,0.62,1.149,0.234,0.853
"20","260_4",1.465,0.575,1.172,1.149,-0.013,1.347
"21","260_5",-0.023,0.299,0.62,0.597,-0.007,0.371
"22","260_6",-1.442,-0.873,0,-1.747,0.763,1.525
"23","280_1",-0.045,-1.907,0.345,-3.815,3.608,7.336
"24","280_2",-0.18,0.712,0.207,1.425,0.497,1.036
"25","280_3",0.225,1.195,0.552,2.39,1.352,3.008
"26","280_4",0.225,1.195,0.138,2.39,1.423,2.866
"27","280_5",-0.18,0.712,0.207,1.425,0.497,1.036
"28","280_6",-0.045,-1.907,0.345,-3.815,3.608,7.336
"29","291_1",-0.315,-0.23,0.276,-0.46,0.034,0.144
"30","291_2",0.834,-0.092,1.517,-0.184,-0.567,1.167
"31","291_3",-0.518,0.322,1.792,0.643,-0.7,1.814
"32","291_4",-0.518,0.322,0.689,0.643,-0.015,0.445
"33","291_5",0.834,-0.092,0.965,-0.184,-0.224,0.483
"34","291_6",-0.315,-0.23,0.827,-0.46,-0.118,0.448
"35","292_1",0.946,0.942,0.345,1.884,0.858,1.835
"36","292_2",-0.473,-1.126,1.172,-2.252,0.925,3.223
"37","292_3",-0.473,0.184,1.517,0.368,-0.541,1.218
"38","292_4",-0.473,0.184,0.827,0.368,-0.137,0.41
"39","292_5",-0.473,-1.126,1.172,-2.252,0.925,3.223
"40","292_6",0.946,0.942,0.345,1.884,0.858,1.835
"41","304_1",-0.113,-0.161,0.207,-0.322,0.015,0.073
"42","304_2",0.225,0.184,0.414,0.368,-0.009,0.153
"43","304_3",-0.113,-0.023,0.207,-0.046,-0.01,0.022
"44","304_4",-0.113,-0.023,0.207,-0.046,-0.01,0.022
"45","304_5",0.225,0.184,0,0.368,0.034,0.068
"46","304_6",-0.113,-0.161,0.207,-0.322,0.015,0.073
"47","305_1",-0.225,0.069,0.345,0.138,-0.025,0.069
"48","305_2",0.248,0.138,0,0.276,0.019,0.038
"49","305_3",-0.023,-0.207,0.345,-0.414,0.013,0.145
"50","305_4",-0.023,-0.207,0.069,-0.414,0.042,0.088
"51","305_5",0.248,0.138,0.414,0.276,-0.024,0.124
"52","305_6",-0.225,0.069,0.069,0.138,0.004,0.012
"53","334_1",-0.991,-0.023,1.586,-0.046,-0.628,1.258
"54","334_2",-0.653,-0.161,1.034,-0.322,-0.241,0.586
"55","334_3",1.645,0.184,0.552,0.368,-0.042,0.22
"56","334_4",1.645,0.184,2.344,0.368,-1.34,2.815
"57","334_5",-0.653,-0.161,0.758,-0.322,-0.118,0.339
"58","334_6",-0.991,-0.023,1.31,-0.046,-0.428,0.859
"59","389_1",0,0.138,0.414,0.276,-0.024,0.124
"60","389_2",0,0.138,0.689,0.276,-0.1,0.276
"61","389_3",0,-0.276,0.276,-0.552,0.057,0.19
"62","389_4",0,-0.276,0.276,-0.552,0.057,0.19
"63","389_5",0,0.138,0.138,0.276,0.014,0.048
"64","389_6",0,0.138,0.414,0.276,-0.024,0.124
"65","407_1",-0.225,-0.483,0,-0.965,0.233,0.466
"66","407_2",1.532,0.942,0.055,1.884,0.887,1.777
"67","407_3",-1.622,-1.08,1.048,-2.16,0.892,2.882
"68","407_4",0.315,0.62,0.993,1.241,0.139,1.263
"69","407_5",0.18,1.31,1.599,2.62,1.076,4.711
"70","407_6",0.541,0.529,1.324,1.057,-0.159,1.435
"71","407_7",-0.496,-1.356,2.923,-2.712,-0.298,7.949
"72","407_8",-0.406,-1.218,3.309,-2.436,-1.254,8.442
"73","407_9",-1.307,-1.034,4.854,-2.068,-4.82,13.917
"74","407_10",1.487,1.77,0.938,3.539,2.911,6.702
"75","507_1",0.045,-1.08,1.999,-2.16,0.167,4.332
"76","507_2",0.518,0.437,2.275,0.873,-1.103,2.969
"77","507_3",-0.563,0.643,0.276,1.287,0.395,0.866
"78","507_4",-0.563,0.643,1.517,1.287,-0.161,1.978
"79","507_5",0.518,0.437,0.483,0.873,0.132,0.498
"80","507_6",0.045,-1.08,0.758,-2.16,1.023,2.621
"81","555_1",-0.045,-0.092,0.552,-0.184,-0.068,0.169
"82","555_2",0.023,0.873,0.965,1.747,0.53,1.991
"83","555_3",0.023,-0.781,0.414,-1.563,0.568,1.307
"84","555_4",0.023,-0.781,1.517,-1.563,0.035,2.371
"85","555_5",0.023,0.873,0.965,1.747,0.53,1.991
"86","555_6",-0.045,-0.092,0.552,-0.184,-0.068,0.169
"87","690_1",0.045,0.23,0.138,0.46,0.048,0.115
"88","690_2",-0.428,0.23,0.552,0.46,-0.023,0.258
"89","690_3",0.383,-0.46,0.414,-0.919,0.168,0.508
"90","690_4",0.383,-0.46,0.138,-0.919,0.206,0.432
"91","690_5",-0.428,0.23,0.276,0.46,0.034,0.144
"92","690_6",0.045,0.23,0.689,0.46,-0.066,0.343
"93","691_1",0.518,-0.184,0.938,-0.368,-0.186,0.507
"94","691_2",-0.248,-1.195,2.813,-2.39,-0.55,6.812
"95","691_3",0.428,1.149,1.765,2.298,0.542,4.198
"96","691_4",-0.699,0.23,0.11,0.46,0.05,0.112
"97","691_5",-0.383,1.379,0.386,2.758,1.864,3.877
"98","691_6",0.158,0,0.276,0,-0.019,0.038
"99","691_7",-0.293,-1.195,0.827,-2.39,1.257,3.198
"100","691_8",-0.473,-1.149,2.868,-2.298,-0.736,6.753
"101","691_9",1.104,0.965,0.441,1.93,0.883,1.961
"102","691_10",-0.113,0,1.379,0,-0.475,0.951
"103","705_1",0.18,0.023,0.758,0.046,-0.143,0.289
"104","705_2",0.045,0.092,0,0.184,0.008,0.017
"105","705_3",-0.225,-0.115,0.758,-0.23,-0.131,0.314
"106","705_4",-0.225,-0.115,0.207,-0.23,0.003,0.048
"107","705_5",0.045,0.092,0.965,0.184,-0.224,0.483
"108","705_6",0.18,0.023,0.207,0.046,-0.01,0.022
"109","708_1",0.721,-0.115,1.724,-0.23,-0.729,1.512
"110","708_2",-0.09,0.023,0.345,0.046,-0.029,0.06
"111","708_3",-0.631,0.092,1.379,0.184,-0.467,0.967
"112","708_4",-0.631,0.092,1.241,0.184,-0.377,0.787
"113","708_5",-0.09,0.023,0.483,0.046,-0.058,0.118
"114","708_6",0.721,-0.115,0.896,-0.23,-0.188,0.428
"115","709_1",0.023,0.391,0.62,0.781,0.056,0.498
"116","709_2",-0.653,-0.85,1.034,-1.701,0.456,1.981
"117","709_3",0.631,0.46,0.414,0.919,0.168,0.508
"118","709_4",0.631,0.46,0.276,0.919,0.192,0.461
"119","709_5",-0.653,-0.85,0.896,-1.701,0.522,1.848
"120","709_6",0.023,0.391,1.31,0.781,-0.276,1.163
"121","713_1",0.158,-0.253,0.758,-0.506,-0.08,0.415
"122","713_2",-0.113,0.092,0.689,0.184,-0.11,0.255
"123","713_3",-0.045,0.161,0.069,0.322,0.025,0.054
"124","713_4",-0.045,0.161,0.207,0.322,0.015,0.073
"125","713_5",-0.113,0.092,0.552,0.184,-0.068,0.169
"126","713_6",0.158,-0.253,0.483,-0.506,0.006,0.244
"127","714_1",-0.09,0.46,1.103,0.919,-0.093,1.031
"128","714_2",-0.158,-1.195,2.068,-2.39,0.359,4.995
"129","714_3",0.248,0.735,0.965,1.471,0.308,1.547
"130","714_4",0.248,0.735,0.138,1.471,0.536,1.091
"131","714_5",-0.158,-1.195,1.241,-2.39,1.043,3.626
"132","714_6",-0.09,0.46,2.206,0.919,-1.006,2.856
"133","786_1",1.803,0.414,0.138,0.827,0.166,0.352
"134","786_2",-0.766,-0.62,1.034,-1.241,0.118,1.305
"135","786_3",-1.037,0.207,0.896,0.414,-0.158,0.487
"136","786_4",-1.037,0.207,0.069,0.414,0.042,0.088
"137","786_5",-0.766,-0.62,0.207,-1.241,0.374,0.791
"138","786_6",1.803,0.414,1.103,0.827,-0.133,0.951
"139","799_1",-0.113,-0.414,1.103,-0.827,-0.133,0.951
"140","799_2",0.361,0.069,2.275,0.138,-1.289,2.598
"141","799_3",-0.248,0.345,1.172,0.689,-0.225,0.924
"142","799_4",-0.248,0.345,1.586,0.689,-0.51,1.495
"143","799_5",0.361,0.069,0.483,0.138,-0.053,0.126
"144","799_6",-0.113,-0.414,0.689,-0.827,0.052,0.58
"145","801_1",0.135,0.115,0.938,0.23,-0.207,0.466
"146","801_2",0.451,0.529,0.552,1.057,0.203,0.711
"147","801_3",-0.586,-0.85,0.331,-1.701,0.696,1.501
"148","801_4",0,0.207,0.055,0.414,0.042,0.087
"149","801_5",-0.451,-0.207,0.441,-0.414,-0.006,0.183
"150","801_6",0.541,0.483,0.386,0.965,0.196,0.54
"151","801_7",-0.225,-0.391,0.11,-0.781,0.15,0.311
"152","801_8",-0.09,-0.069,0.496,-0.138,-0.057,0.133
"153","801_9",0.09,-0.253,0.607,-0.506,-0.028,0.312
"154","801_10",0.135,0.437,0.552,0.873,0.115,0.533
"155","805_1",-0.608,-0.207,1.999,-0.414,-0.957,2.084
"156","805_2",-0.541,-0.689,1.103,-1.379,0.171,1.559
"157","805_3",1.149,0.896,0.896,1.792,0.602,2.008
"158","805_4",1.149,0.896,0.758,1.792,0.659,1.894
"159","805_5",-0.541,-0.689,1.241,-1.379,0.09,1.721
"160","805_6",-0.608,-0.207,0.345,-0.414,0.013,0.145
"161","814_1",-1.172,-0.092,0.827,-0.184,-0.163,0.359
"162","814_2",0.721,0.804,1.448,1.609,0.123,2.342
"163","814_3",0.451,-0.712,0.62,-1.425,0.411,1.208
"164","814_4",0.451,-0.712,1.586,-1.425,-0.121,2.272
"165","814_5",0.721,0.804,0.758,1.609,0.503,1.581
"166","814_6",-1.172,-0.092,0.138,-0.184,0.004,0.026
"167","815_1",0.113,0.299,2.827,0.597,-1.908,4.173
"168","815_2",-0.225,-0.46,0.414,-0.919,0.168,0.508
"169","815_3",0.113,0.161,2.413,0.322,-1.43,2.963
"170","815_4",0.113,0.161,0.62,0.322,-0.07,0.244
"171","815_5",-0.225,-0.46,2.206,-0.919,-1.006,2.856
"172","815_6",0.113,0.299,0.207,0.597,0.079,0.2
"173","817_1",-0.113,1.172,0.386,2.344,1.336,2.822
"174","817_2",-0.789,-1.034,2.041,-2.068,0.028,4.221
"175","817_3",1.375,0.207,1.103,0.414,-0.261,0.694
"176","817_4",-0.473,-0.345,0.552,-0.689,0.043,0.39
"177","817_5",0.203,-0.345,0.331,-0.689,0.091,0.292
"178","817_6",0.068,-0.483,0.165,-0.965,0.226,0.479
"179","817_7",-0.158,-0.345,0.11,-0.689,0.116,0.244
"180","817_8",-0.744,0.483,0.993,0.965,-0.013,0.959
"181","817_9",1.329,0.896,0.717,1.792,0.675,1.864
"182","817_10",-0.699,-0.207,0.276,-0.414,0.024,0.124
"183","889_1",0.293,0.597,0.965,1.195,0.124,1.18
"184","889_2",0.158,-0.437,1.172,-0.873,-0.153,1.068
"185","889_3",-0.451,-0.161,0.207,-0.322,0.015,0.073
"186","889_4",-0.451,-0.161,0.483,-0.322,-0.032,0.168
"187","889_5",0.158,-0.437,1.448,-0.873,-0.333,1.429
"188","889_6",0.293,0.597,1.655,1.195,-0.327,2.083
"189","890_1",0.18,-0.965,1.103,-1.93,0.627,2.472
"190","890_2",1.262,-0.62,3.378,-1.241,-2.468,6.476
"191","890_3",-1.442,1.586,2.275,3.171,1.22,7.617
"192","890_4",-1.442,1.586,1.034,3.171,2.247,5.563
"193","890_5",1.262,-0.62,0.069,-1.241,0.384,0.772
"194","890_6",0.18,-0.965,2.344,-1.93,-0.442,4.61
"195","980_1",-0.631,0.506,1.792,1.011,-0.548,2.118
"196","980_2",0.856,-0.253,0.483,-0.506,0.006,0.244
"197","980_3",-0.225,-0.253,1.31,-0.506,-0.365,0.986
"198","980_4",-0.225,-0.253,0.483,-0.506,0.006,0.244
"199","980_5",0.856,-0.253,1.31,-0.506,-0.365,0.986
"200","980_6",-0.631,0.506,0,1.011,0.256,0.511
"201","981_1",-0.18,0.253,0.345,0.506,0.034,0.187
"202","981_2",-0.451,-0.575,0.483,-1.149,0.272,0.777
"203","981_3",0.631,0.322,0.138,0.643,0.099,0.217
"204","981_4",0.631,0.322,1.103,0.643,-0.201,0.815
"205","981_5",-0.451,-0.575,0.758,-1.149,0.186,0.948
"206","981_6",-0.18,0.253,0.62,0.506,-0.032,0.32
"207","995_1",-0.09,0.207,0.069,0.414,0.042,0.088
"208","995_2",0.248,0.069,0.207,0.138,-0.006,0.031
"209","995_3",-0.158,-0.276,0.138,-0.552,0.071,0.162
"210","995_4",-0.158,-0.276,1.379,-0.552,-0.399,1.103
"211","995_5",0.248,0.069,1.31,0.138,-0.424,0.867
"212","995_6",-0.09,0.207,1.172,0.414,-0.301,0.772
